City,Country,Latitude,Longitude,Date,Wind_Speed,Pressure,Humidity,Temperature,Cloudiness
Hilo,US,19.7297,-155.09,1652915672,14.97,1017,73,82.04,0
Sorong,ID,-0.8833,131.25,1652915676,4.65,1013,84,79.57,98
Dikson,RU,73.5069,80.5464,1652915677,14.09,1000,96,31.28,100
Mataura,NZ,-46.1927,168.8643,1652915624,7.25,994,87,50.23,70
Busselton,AU,-33.65,115.3333,1652915680,1.95,1015,84,60.46,77
Ushuaia,AR,-54.8,-68.3,1652915458,4.61,1011,81,40.66,75
Bambous Virieux,MU,-20.3428,57.7575,1652915682,6.91,1019,69,75.45,40
Hermanus,ZA,-34.4187,19.2345,1652915684,17.67,1012,76,59.81,97
Stornoway,GB,58.2093,-6.3865,1652915686,18.41,1003,73,54.64,75
Haines Junction,CA,60.7522,-137.5108,1652915687,6.22,1013,44,50.4,83
Voyvozh,RU,62.892,54.9635,1652915689,5.95,1004,87,28.65,94
Sept-Îles,CA,50.2001,-66.3821,1652915691,11.99,1003,59,43.05,56
Lagos,NG,6.5833,3.75,1652915598,6.58,1011,84,79.48,83
Zhigansk,RU,66.7697,123.3711,1652915695,12.77,1004,93,33.94,97
Río Gallegos,AR,-51.6226,-69.2181,1652915696,2.3,1013,93,39.25,0
Punta Arenas,CL,-53.15,-70.9167,1652915579,5.75,1012,87,42.91,20
Tsiroanomandidy,MG,-18.7667,46.0333,1652915698,2.04,1020,76,59.32,23
Yebaishou,CN,41.3975,119.6408,1652915700,8.28,1012,36,67.32,48
Chui,UY,-33.6971,-53.4616,1652915701,11.86,1020,81,55.45,43
Kreminna,UA,49.0495,38.2179,1652915703,7.23,1012,81,50.2,100
Narsaq,GL,60.9167,-46.05,1652915704,3.24,1010,81,46.62,37
Lavrentiya,RU,65.5833,-171.0,1652915706,6.44,1020,99,34.39,71
Kletnya,RU,53.3897,33.2171,1652915707,5.08,1021,89,40.19,16
Kapaa,US,22.0752,-159.319,1652915633,14.97,1016,93,74.86,100
Rikitea,PF,-23.1203,-134.9692,1652915619,15.46,1019,77,76.69,41
Bredasdorp,ZA,-34.5322,20.0403,1652915711,18.14,1012,79,58.66,100
Kaitangata,NZ,-46.2817,169.8464,1652915606,5.35,993,79,51.19,81
Kruisfontein,ZA,-34.0033,24.7314,1652915638,4.59,1010,71,62.89,62
Butaritari,KI,3.0707,172.7902,1652915715,13.49,1013,71,82.06,88
Atuona,PF,-9.8,-139.0333,1652915614,15.19,1015,66,78.78,26
Prainha,BR,-1.8,-53.48,1652915610,1.48,1012,96,74.8,100
Ponta do Sol,PT,32.6667,-17.1,1652915689,4.81,1020,80,67.26,43
Ostrovnoy,RU,68.0531,39.5131,1652915617,8.9,1009,90,32.04,100
Lander,US,42.833,-108.7307,1652915528,14.97,1013,15,74.77,0
Rocha,UY,-34.4833,-54.3333,1652915546,11.77,1021,78,54.63,81
East London,ZA,-33.0153,27.9116,1652915725,11.43,1010,37,75.9,3
Jamestown,US,42.097,-79.2353,1652915657,4.61,1011,85,53.4,100
Albany,US,42.6001,-73.9662,1652915609,6.6,1010,39,61.29,100
Cambuga,PH,13.6167,122.45,1652915728,2.77,1013,87,77.67,99
Hithadhoo,MV,-0.6,73.0833,1652915683,13.73,1010,73,83.48,100
Saint-Pierre,RE,-21.3393,55.4781,1652915731,6.91,1019,68,67.68,0
Topolobampo,MX,25.6,-109.05,1652915732,10.36,1012,51,82.31,40
Tuktoyaktuk,CA,69.4541,-133.0374,1652915639,10.98,1023,92,32.22,100
Mareeba,AU,-17.0,145.4333,1652915735,3.53,1017,83,73.38,1
Sur,OM,22.5667,59.5289,1652915736,12.06,1002,40,86.72,0
Esperance,AU,-33.8667,121.9,1652915467,7.54,1017,89,59.2,76
Bluff,NZ,-46.6,168.3333,1652915642,17.09,992,83,50.67,79
Hong Kong,HK,22.2855,114.1577,1652915492,1.99,1013,66,75.94,100
Bethel,US,41.3712,-73.414,1652915700,2.98,1010,42,66.13,98
Mehamn,NO,71.0357,27.8492,1652915742,15.17,1019,73,33.71,100
Vao,NC,-22.6667,167.4833,1652915743,18.1,1017,82,75.34,21
Klaksvík,FO,62.2266,-6.589,1652915746,15.26,1007,94,47.32,65
Key West,US,24.5557,-81.7826,1652915569,6.91,1015,69,84.36,0
Baruun-Urt,MN,46.6806,113.2792,1652915749,4.18,1013,32,60.55,3
Barrow,US,71.2906,-156.7887,1652915737,18.41,1025,86,17.62,100
Yellowknife,CA,62.456,-114.3525,1652915401,18.99,1016,20,51.57,4
Kołobrzeg,PL,54.1757,15.5834,1652915753,13.67,1024,54,53.94,37
Longyearbyen,SJ,78.2186,15.6401,1652915754,5.75,1018,80,26.44,75
Disna,BY,55.568,28.1971,1652915755,7.23,1023,65,39.96,38
Baykit,RU,61.67,96.37,1652915758,9.46,1009,77,51.24,70
Kumul,CN,42.8,93.45,1652915759,6.13,1008,22,71.55,5
Sekoma,BW,-24.4,23.8833,1652915761,7.78,1019,52,58.59,37
Waipawa,NZ,-41.4122,175.5153,1652915762,19.06,1004,68,62.2,57
Ayagoz,KZ,47.9714,80.4392,1652915763,8.93,1011,61,60.33,29
Kondinskoye,RU,59.6481,67.41,1652915766,3.0,999,94,48.18,88
George Town,MY,5.4112,100.3354,1652915157,0.0,1010,89,80.53,20
Torbay,CA,47.6666,-52.7314,1652915640,1.01,999,91,46.15,49
Saint-Philippe,RE,-21.3585,55.7679,1652915720,9.8,1021,73,67.59,66
Hope,US,33.6671,-93.5916,1652915770,4.76,1009,58,91.22,100
Ubari,LY,26.5921,12.7805,1652915773,10.29,1016,17,78.98,0
Saint Paul Harbor,US,57.79,-152.4072,1652915382,11.5,1019,27,62.11,0
Ribas do Rio Pardo,BR,-20.4431,-53.7592,1652915775,6.46,1021,66,52.18,41
Nikolskoye,RU,59.7035,30.7861,1652915777,6.15,1015,85,46.71,92
Los Llanos de Aridane,ES,28.6585,-17.9182,1652915778,8.05,1017,91,65.12,0
Caravelas,BR,-17.7125,-39.2481,1652915654,4.32,1010,88,72.12,98
Qaanaaq,GL,77.484,-69.3632,1652915735,2.66,1015,79,29.88,98
Faanui,PF,-16.4833,-151.75,1652915688,7.43,1015,76,79.27,97
Margate,GB,51.3813,1.3862,1652915784,3.0,1012,79,60.64,100
Ahipara,NZ,-35.1667,173.1667,1652915786,15.28,1016,92,65.91,100
Opelousas,US,30.5335,-92.0815,1652915788,9.22,1013,45,89.19,0
Novy Urengoy,RU,66.0833,76.6333,1652915789,9.73,1008,76,40.32,91
Bacolod City,PH,10.6667,122.95,1652915790,2.75,1013,77,81.27,96
Vaini,TO,-21.2,-175.2,1652915767,17.63,1020,69,76.37,58
Poum,NC,-20.2333,164.0167,1652915708,8.39,1016,70,77.65,2
New Norfolk,AU,-42.7826,147.0587,1652915795,3.0,1019,66,49.6,82
Avarua,CK,-21.2078,-159.775,1652915647,15.21,1018,79,77.7,34
Beloha,MG,-25.1667,45.05,1652915798,8.88,1020,78,64.45,0
Sobolevo,RU,54.4299,31.8996,1652915696,6.44,1021,89,40.64,12
Cape Town,ZA,-33.9258,18.4232,1652915458,12.33,1013,92,57.02,98
Chapais,CA,49.7834,-74.8492,1652915801,4.59,1006,58,49.78,91
Copiapó,CL,-27.3667,-70.3333,1652915804,5.53,1017,63,55.09,15
Khatanga,RU,71.9667,102.5,1652915744,7.07,996,98,32.7,100
Arraial do Cabo,BR,-22.9661,-42.0278,1652915727,20.71,1009,54,69.04,0
Abalak,RU,58.1286,68.5944,1652915807,4.34,1000,87,46.31,13
Nome,US,64.5011,-165.4064,1652915588,9.22,1023,93,32.07,100
Cidreira,BR,-30.1811,-50.2056,1652915645,21.16,1014,76,59.95,92
Polunochnoye,RU,60.8697,60.4153,1652915811,3.2,1000,98,41.4,100
Vanavara,RU,60.34,102.2797,1652915812,10.78,1006,78,52.11,1
Pevek,RU,69.7008,170.3133,1652915649,3.06,1012,99,32.38,100
Flinders,AU,-34.5833,150.8552,1652915815,4.0,1020,72,53.98,0
Gunjur,GM,13.2019,-16.7339,1652915816,13.31,1011,94,77.07,4
Chu,KZ,43.5983,73.7614,1652915817,7.74,1015,85,58.91,43
Clyde River,CA,70.4692,-68.5914,1652915793,4.61,1020,93,25.03,100
Husavik,IS,66.0449,-17.3389,1652915821,3.44,997,97,41.29,100
Hobart,AU,-42.8794,147.3294,1652915364,17.27,1016,69,51.73,75
Mahibadhoo,MV,3.7833,72.9667,1652915824,17.11,1009,79,82.98,100
Chokurdakh,RU,70.6333,147.9167,1652915826,6.11,1013,89,30.16,100
Port Lincoln,AU,-34.7333,135.8667,1652915596,11.43,1030,65,57.87,4
Castro,BR,-24.7911,-50.0119,1652915828,12.37,1018,92,43.05,100
Puerto Ayora,EC,-0.7393,-90.3518,1652915830,1.01,1012,94,74.55,68
Norman Wells,CA,65.282,-126.8329,1652915831,13.8,1018,93,39.24,100
Bonavista,CA,48.6499,-53.1147,1652915832,13.69,1000,99,42.75,86
Tasiilaq,GL,65.6145,-37.6368,1652915823,4.21,1011,93,35.76,100
Havelock,US,34.8791,-76.9013,1652915807,8.05,1014,66,73.9,0
Cabo San Lucas,MX,22.8909,-109.9124,1652915114,17.27,952,53,80.24,40
Hirara,JP,24.8,125.2833,1652915838,14.97,1015,88,75.47,75
Vestmannaeyjar,IS,63.4427,-20.2734,1652915839,16.42,996,85,46.72,100
Sinnamary,GF,5.3833,-52.95,1652915841,8.34,1013,85,78.3,88
Parrita,CR,9.5201,-84.3225,1652915843,3.85,1012,88,76.89,100
Ayr,GB,55.4627,-4.6339,1652915643,17.27,1009,82,53.64,40
Torgau,DE,51.5667,13.0,1652915845,7.47,1023,78,61.07,9
Barillas,GT,15.8036,-91.3158,1652915846,2.26,1015,79,68.32,94
Ambon City,ID,-3.6954,128.1814,1652915848,1.14,1012,83,80.74,20
Port Elizabeth,ZA,-33.918,25.5701,1652915711,8.05,1010,65,67.01,0
Taoudenni,ML,22.6783,-3.9836,1652915850,4.81,1007,7,94.66,75
Lebu,CL,-37.6167,-73.65,1652915801,8.39,1013,87,52.39,100
Talaya,RU,61.3833,152.75,1652915853,4.56,1012,75,35.85,88
Paamiut,GL,61.994,-49.6678,1652915854,3.27,1009,83,34.03,14
Sainte-Maxime,FR,43.3,6.6333,1652915731,4.43,1022,68,64.45,94
Huicungo,PE,-7.2833,-76.8,1652915856,0.27,1017,98,67.66,100
Upernavik,GL,72.7868,-56.1549,1652915858,8.19,1017,89,25.83,7
Inongo,CD,-1.95,18.2667,1652915859,3.33,1011,93,71.62,46
Geraldton,AU,-28.7667,114.6,1652915861,9.22,1017,88,61.21,75
Ciudad Bolivar,VE,8.1222,-63.5497,1652915863,11.99,1012,53,85.84,94
Igarka,RU,67.4667,86.5833,1652915864,7.83,1010,85,33.08,100
Ilulissat,GL,69.2167,-51.1,1652915716,0.0,1012,86,32.02,3
Hasaki,JP,35.7333,140.8333,1652915867,1.14,1020,62,68.4,0
Donskoye,RU,45.4552,41.9741,1652915868,6.53,1012,95,54.39,93
Oddur,SO,4.1213,43.8894,1652915870,18.99,1012,82,72.18,84
Saint-Augustin,CA,51.226,-58.6502,1652915774,2.39,998,99,40.59,100
Kochi,IN,9.9399,76.2602,1652915712,17.6,1008,79,73.38,100
Chicama,PE,-7.8447,-79.1469,1652915875,6.8,1014,75,63.14,96
Buala,SB,-8.145,159.5921,1652915876,1.88,1013,67,84.65,0
Mount Gambier,AU,-37.8333,140.7667,1652915661,1.5,1031,80,51.84,44
Port-Gentil,GA,-0.7193,8.7815,1652915880,10.36,1011,89,80.56,75
Lyngseidet,NO,69.5763,20.2189,1652915881,4.63,1022,79,33.8,74
Tual,ID,-5.6667,132.75,1652915749,11.21,1013,77,82.38,78
Shimoda,JP,34.6667,138.95,1652915884,0.49,1020,68,73.11,2
Gorontalo,ID,0.5412,123.0595,1652915885,1.86,1013,89,78.13,74
Baker City,US,44.7749,-117.8344,1652915887,4.61,1016,51,61.41,100
Jalu,LY,29.0331,21.5482,1652915888,13.91,1015,47,70.65,0
Thompson,CA,55.7435,-97.8558,1652915732,10.36,1010,29,50.16,20
Ust'-Kan,RU,50.9276,84.761,1652915890,5.28,1012,63,54.32,35
Liwale,TZ,-9.7667,37.9333,1652915892,3.49,1016,64,70.57,100
Aromashevo,RU,56.8602,68.6375,1652915893,7.72,1000,79,48.69,54
Kaduna,NG,10.5222,7.4383,1652915895,5.21,1011,62,77.72,100
College,US,64.8569,-147.8028,1652915896,5.75,1017,34,58.73,75
Honiara,SB,-9.4333,159.95,1652915897,1.68,1014,65,85.55,0
Fojnica,BA,43.9625,17.8983,1652915899,1.7,1030,77,41.92,0
Yacuiba,BO,-22.038,-63.6797,1652915900,1.25,1022,71,49.55,26
Katsuura,JP,35.1333,140.3,1652915902,1.03,1020,66,66.88,0
Arman',RU,59.7,150.1667,1652915903,7.34,1011,71,41.02,100
Totness,SR,5.8833,-56.3167,1652915904,8.25,1014,84,77.95,99
Maamba,ZM,-17.3667,27.15,1652915906,1.41,1017,68,63.37,55
Camacha,PT,33.0833,-16.3333,1652915907,8.05,1019,88,63.82,75
Ust-Maya,RU,60.4167,134.5333,1652915908,6.02,1008,71,43.59,63
Carnarvon,AU,-24.8667,113.6333,1652915821,7.76,1018,69,67.93,34
Wanning,CN,18.8003,110.3967,1652915911,7.07,1012,91,75.54,95
Cockburn Town,TC,21.4612,-71.1419,1652915853,13.11,1016,83,80.71,40
Guerrero Negro,MX,27.9769,-114.0611,1652915913,16.75,1014,58,67.41,0
Lixouri,GR,38.2019,20.4314,1652915915,5.88,1015,81,67.86,48
Bathsheba,BB,13.2167,-59.5167,1652915782,16.11,1015,83,81.21,20
Marawi,PH,7.9986,124.2928,1652915917,1.07,1014,88,72.86,59
Dunedin,NZ,-45.8742,170.5036,1652915919,1.25,994,66,55.0,75
Lagoa,PT,39.05,-27.9833,1652915920,19.44,1008,94,60.15,70
Niterói,BR,-22.8833,-43.1036,1652915921,8.05,1008,54,66.85,0
Saint Anthony,US,45.0205,-93.218,1652915659,18.41,1004,49,71.37,0
Tangwani,PK,28.2787,68.9972,1652915924,6.6,999,20,92.53,0
Naivasha,KE,-0.7167,36.4359,1652915925,4.81,1017,91,59.11,100
Fuerte Olimpo,PY,-21.0415,-57.8738,1652915927,4.85,1022,51,53.02,44
Tautira,PF,-17.7333,-149.15,1652915769,11.79,1016,73,80.28,100
Coquimbo,CL,-29.9533,-71.3436,1652915911,5.75,1019,87,55.13,100
Marrakesh,MA,31.6315,-8.0083,1652915930,2.3,1016,47,77.07,0
Kavaratti,IN,10.5669,72.642,1652915932,15.82,1006,79,83.82,100
Burnie,AU,-41.0667,145.9167,1652915934,11.45,1024,66,53.94,65
Bridlington,GB,54.0831,-0.1919,1652915936,12.84,1016,94,55.89,100
Biltine,TD,14.5333,20.9167,1652915937,6.11,1008,17,89.82,100
Pahrump,US,36.2083,-115.9839,1652915670,5.01,1012,8,96.26,0
Hastings,GB,50.8552,0.5729,1652915939,5.19,1016,80,60.76,100
Kemin,KG,42.7846,75.6892,1652915941,4.09,1017,73,58.12,99
Kendari,ID,-3.945,122.4989,1652915942,0.81,1013,93,76.51,100
Bol'shoye Selo,RU,57.7177,38.9334,1652915944,5.14,1012,93,39.31,100
Hearst,CA,49.6835,-83.6665,1652915945,8.63,1005,49,59.25,100
Yangi Marg`ilon,UZ,40.4272,71.7189,1652915806,2.3,1015,82,61.52,98
Kamaishi,JP,39.2667,141.8833,1652915948,8.21,1018,52,63.88,1
Provideniya,RU,64.3833,-173.3,1652915631,4.47,1021,87,35.71,100
Tura,IN,25.5198,90.2201,1652915791,5.39,1007,94,67.06,40
Hobyo,SO,5.3505,48.5268,1652915457,21.5,1010,79,79.79,84
Verín,ES,41.9415,-7.4381,1652915953,4.65,1019,95,58.57,14
Makakilo City,US,21.3469,-158.0858,1652915839,13.8,1018,77,77.36,75
Egvekinot,RU,66.3167,-179.1667,1652915956,4.43,1018,99,30.2,100
Ribeira Grande,PT,38.5167,-28.7,1652915957,32.61,1009,93,60.3,85
Farnes,NO,61.3167,7.8,1652915959,2.71,1021,91,45.01,99
Pakse,LA,15.1167,105.7833,1652915960,3.04,1011,96,74.37,97
Kavieng,PG,-2.5744,150.7967,1652915957,8.66,1013,74,83.5,6
Barabai,ID,-2.5833,115.3833,1652915964,1.86,1012,96,74.71,60
Liverpool,GB,53.4106,-2.9779,1652915845,8.05,1012,84,54.54,0
Broome,US,42.2506,-75.833,1652915966,3.44,996,53,59.25,100
Stephenville,US,32.2207,-98.2023,1652915777,17.27,1008,19,97.84,0
Pacific Grove,US,36.6177,-121.9166,1652915969,9.22,1016,52,66.92,0
Airai,TL,-8.9266,125.4092,1652915629,3.42,1016,86,62.71,56
Port Augusta,AU,-32.5,137.7667,1652915776,5.21,1029,59,55.69,100
Caconda,AO,-13.7333,15.0667,1652915973,1.21,1017,60,56.62,50
Bourail,NC,-21.5667,165.4833,1652915975,4.85,1016,66,79.59,0
Enterprise,US,36.0252,-115.2419,1652915976,5.75,1012,10,95.54,20
Daugavpils,LV,55.8833,26.5333,1652915977,5.61,1024,65,40.21,46
Derzhavīnsk,KZ,51.1,66.3167,1652915923,9.98,1010,73,50.43,53
Akdağmadeni,TR,39.6603,35.8836,1652915980,5.84,1013,52,53.85,15
Naryan-Mar,RU,67.6713,53.087,1652915981,2.73,1008,91,24.15,96
Ishinomaki,JP,38.4167,141.3,1652915983,4.29,1019,64,62.6,2
Buraidah,SA,26.326,43.975,1652915984,8.21,1008,14,82.85,0
Bay Roberts,CA,47.5999,-53.2648,1652915986,6.89,1001,85,41.29,21
Iqaluit,CA,63.7506,-68.5145,1652915988,11.5,1009,86,25.7,100
La Ronge,CA,55.1001,-105.2842,1652915708,9.22,1008,25,59.25,98
Talnakh,RU,69.4865,88.3972,1652915841,5.03,1007,97,33.21,100
Perelyub,RU,51.8667,50.3667,1652915992,1.5,1011,90,45.64,30
Namatanai,PG,-3.6667,152.4333,1652915981,4.0,1013,76,82.54,7
Kachīry,KZ,53.0675,76.1036,1652915995,0.87,1007,90,57.09,94
Celano,IT,42.0855,13.5398,1652915996,3.69,1025,88,55.08,6
Mayor Pablo Lagerenza,PY,-19.9309,-60.7718,1652915999,4.85,1022,31,54.28,25
Mikasa,JP,43.251,141.9043,1652916000,8.32,1016,55,58.41,75
Tiznit Province,MA,29.5833,-9.5,1652916002,1.41,1014,55,70.88,0
Nanortalik,GL,60.1432,-45.2371,1652915819,6.31,1010,84,37.11,19
Harbour Breton,CA,47.4833,-55.7983,1652916005,7.49,1001,95,43.48,54
Yerbogachën,RU,61.2767,108.0108,1652916007,12.48,1000,78,54.27,4
Navahrudak,BY,53.6,25.8333,1652916008,6.73,1026,91,39.24,5
Samarai,PG,-10.6167,150.6667,1652916010,8.63,1014,75,82.27,25
Trincomalee,LK,8.5711,81.2335,1652916011,21.97,1007,77,81.46,52
Muros,ES,42.7762,-9.0603,1652916013,2.82,1020,92,56.44,65
Peniche,PT,39.3558,-9.3811,1652916014,12.37,1019,88,58.75,8
Hoquiam,US,46.9809,-123.8893,1652915805,20.71,1023,70,54.21,100
Stann Creek Town,BZ,16.9692,-88.2321,1652916018,9.24,1012,67,81.82,69
Mount Vernon,US,40.9126,-73.8371,1652915827,12.66,1011,46,67.42,75
Tshikapa,CD,-6.4167,20.8,1652916021,1.61,1011,76,72.61,51
Macultepec,MX,18.1667,-92.8333,1652916023,9.22,1010,57,95.09,40
Bengkulu,ID,-3.8004,102.2655,1652916024,4.59,1012,88,75.24,15
Muisne,EC,0.6,-80.0333,1652916026,9.84,1012,83,77.49,100
Mahébourg,MU,-20.4081,57.7,1652916027,6.91,1019,69,75.49,40
Rawson,AR,-43.3002,-65.1023,1652916029,22.5,1013,28,55.83,63
Saskylakh,RU,71.9167,114.0833,1652915697,10.38,1006,93,20.73,67
Kutum,SD,14.2,24.6667,1652916031,10.11,1011,15,79.99,97
Naze,JP,28.3667,129.4833,1652915766,14.03,1019,79,72.52,99
São Filipe,CV,14.8961,-24.4956,1652916035,5.41,1014,68,76.23,98
Srandakan,ID,-7.9386,110.2506,1652916036,3.49,1011,90,76.78,100
Paris,FR,48.8534,2.3488,1652916037,5.75,1016,77,71.91,75
Aksu,CN,41.1231,80.2644,1652916039,8.41,1009,27,68.94,30
Omboué,GA,-1.5746,9.2618,1652915698,8.9,1012,87,77.61,85
Mar del Plata,AR,-38.0023,-57.5575,1652915626,5.75,1026,73,49.95,100
Fare,PF,-16.7,-151.0167,1652916043,11.48,1015,73,80.89,99
Tomatlán,MX,19.9333,-105.25,1652915945,12.08,1011,27,89.62,24
Ketchikan,US,55.3422,-131.6461,1652915826,8.05,1006,71,52.27,100
Harindānga,IN,22.0383,88.3214,1652916007,10.78,1005,82,83.91,70
Córdoba,AR,-31.4135,-64.1811,1652915966,6.91,996,66,45.34,0
Serenje,ZM,-13.2325,30.2352,1652916048,5.77,1018,85,55.13,25
Whitehaven,GB,54.549,-3.5841,1652916051,8.01,1011,93,52.66,100
Wuwei,CN,37.9281,102.6414,1652916052,3.96,1011,30,60.46,86
Segezha,RU,63.7415,34.3222,1652916054,7.23,1014,90,31.23,54
Verkhnyaya Inta,RU,65.9811,60.3094,1652916055,7.7,1007,82,30.45,83
Jacareacanga,BR,-6.2222,-57.7528,1652916057,2.89,1014,79,70.75,96
Codrington,AU,-38.2667,141.9667,1652916058,10.2,1030,66,55.24,52
Zalţan,LY,32.947,11.8665,1652916060,8.99,1018,65,69.82,2
Pangnirtung,CA,66.1451,-65.7125,1652916002,3.22,1015,87,29.34,70
Same,TZ,-4.0667,37.7333,1652916062,0.65,1016,92,61.79,59
Pilot Butte,CA,50.4668,-104.4178,1652916063,5.75,1009,56,55.06,100
Porbandar,IN,21.6422,69.6093,1652916065,11.9,1005,77,81.37,0
Sitrah,BH,26.1547,50.6206,1652916066,12.66,1005,49,84.29,0
Gravdal,NO,68.1214,13.5031,1652915887,8.05,1018,87,35.49,20
Misratah,LY,32.3754,15.0925,1652916070,3.96,1018,60,69.76,2
Kapustin Yar,RU,48.5831,45.7372,1652916071,3.6,1013,95,53.28,100
Bucerías,MX,20.75,-105.3333,1652916073,13.8,1013,74,80.58,40
Senanga,ZM,-16.1167,23.2667,1652916075,4.85,1017,59,62.96,69
Alekseyevsk,RU,57.8406,108.3492,1652916076,7.02,1006,88,57.0,100
Monastyrshchina,RU,54.3496,31.838,1652916078,6.62,1021,89,40.62,12
Belaya Gora,RU,68.5333,146.4167,1652916079,8.95,1011,100,32.99,100
Namwala,ZM,-15.7504,26.4384,1652916081,4.56,1017,72,59.56,51
Bilma,NE,18.6853,12.9164,1652916082,9.24,1010,17,90.97,69
Leh,IN,34.1667,77.5833,1652915881,3.62,1017,46,45.75,12
Novyy Svit,UA,47.8059,38.0211,1652916084,12.75,1011,93,48.67,100
Wanaka,NZ,-44.7,169.15,1652916075,1.01,1005,90,49.1,93
Petropavlovsk-Kamchatskiy,RU,53.0452,158.6483,1652915751,6.71,1015,54,55.99,20
Cape Coast,GH,5.1053,-1.2466,1652916088,9.95,1012,85,80.47,47
Praia da Vitória,PT,38.7333,-27.0667,1652916016,11.9,1007,94,62.85,20
Frolovo,RU,49.7713,43.6622,1652916090,5.93,1012,86,51.39,100
Hambantota,LK,6.1241,81.1185,1652915724,19.51,1009,83,80.1,8
Ormara,PK,25.2088,64.6357,1652916093,9.8,1003,90,81.41,0
Saldanha,ZA,-33.0117,17.9442,1652915753,12.64,1014,74,60.53,99
Anadyr,RU,64.75,177.4833,1652915669,8.95,1016,86,39.49,40
Chumikan,RU,54.7183,135.315,1652916097,6.76,1010,93,33.96,100
Manakara,MG,-22.1333,48.0167,1652916099,2.15,1022,80,68.85,96
Port Alfred,ZA,-33.5906,26.891,1652915608,1.01,1009,61,68.18,19
Baoning,CN,25.3378,110.026,1652916102,4.47,1013,88,71.46,100
Banda Aceh,ID,5.5577,95.3222,1652916104,9.24,1011,77,79.63,97
Paramonga,PE,-10.6667,-77.8333,1652916105,7.83,1016,84,65.8,81
Aden,YE,12.7794,45.0367,1652916107,3.89,1005,54,87.62,6
Arrondissement de Saint-Denis,FR,48.9167,2.3333,1652916108,9.22,1015,67,72.01,75
Akdepe,TM,42.0551,59.3788,1652916110,10.76,1016,32,68.09,59
Cayenne,GF,4.9333,-52.3333,1652915851,2.3,1013,1,81.09,40
Karratha,AU,-20.7377,116.8463,1652915994,9.01,1016,84,71.19,0
Zhezkazgan,KZ,47.8043,67.7144,1652916113,8.55,1014,45,54.72,23
Launceston,AU,-41.45,147.1667,1652916016,5.75,1021,76,47.88,40
Yambio,SS,4.5721,28.3955,1652916116,3.69,1010,96,67.96,100
Marfino,RU,55.7028,37.3822,1652916118,8.95,1015,57,45.03,0
Damaturu,NG,11.747,11.9608,1652916120,8.39,1010,41,88.03,100
Leningradskiy,RU,69.3833,178.4167,1652915951,2.3,1013,99,34.77,100
Tam Ky,VN,15.5667,108.4833,1652916122,3.11,1011,94,76.23,94
Uribia,CO,11.7139,-72.266,1652916123,15.82,1010,61,86.43,100
Shuya,RU,56.8487,41.3883,1652916125,7.4,1012,93,37.67,82
San Patricio,US,28.017,-97.5169,1652915757,20.18,1010,42,86.29,46
Foumban,CM,5.7291,10.9001,1652916127,2.64,1013,95,64.63,99
Constitución,CL,-35.3333,-72.4167,1652915935,4.68,1015,86,51.93,95
Kenai,US,60.5544,-151.2583,1652916130,16.11,1017,33,58.5,0
Hinatuan,PH,8.3722,126.3342,1652916132,2.15,1013,88,79.34,60
Taksimo,RU,56.3444,114.8794,1652916134,0.78,1007,73,53.44,99
Conceição das Alagoas,BR,-19.9147,-48.3883,1652916135,6.55,1019,69,55.18,1
Porto-Novo,BJ,6.4965,2.6036,1652916031,11.3,1010,82,84.02,96
Araouane,ML,18.9048,-3.5265,1652916070,7.07,1008,5,89.56,39
Tuatapere,NZ,-46.1333,167.6833,1652915853,9.48,992,76,51.84,53
Wakkanai,JP,45.4094,141.6739,1652916143,9.15,1014,94,49.8,76
Beringovskiy,RU,63.05,179.3167,1652916068,7.78,1018,79,39.97,100
Tucupita,VE,9.0622,-62.051,1652916147,4.0,1013,77,76.53,94
Marang,MY,5.2056,103.2059,1652916148,3.62,1010,86,76.91,100
Bilibino,RU,68.0546,166.4372,1652915817,1.81,1012,100,35.78,100
Saint George,US,37.1041,-113.5841,1652916061,11.5,1010,10,97.63,0
Roald,NO,62.5833,6.1333,1652916145,3.44,1017,76,50.11,20
Palmer,US,42.1584,-72.3287,1652916154,13.8,1012,28,64.92,100
Arlit,NE,18.7369,7.3853,1652916156,10.0,1009,11,87.15,0
Lompoc,US,34.6391,-120.4579,1652915926,21.0,1014,59,69.87,0
Gewanē,ET,10.1664,40.6453,1652916158,1.45,1008,22,80.46,100
Chernyshevskiy,RU,63.0128,112.4714,1652916159,10.87,994,83,51.26,70
Pirgos,GR,35.1167,25.7178,1652916161,4.47,1014,80,66.61,0
Souillac,MU,-20.5167,57.5167,1652915615,6.91,1019,69,75.58,40
Ulladulla,AU,-35.35,150.4667,1652916165,4.43,1026,58,53.08,0
Chebarkul',RU,54.9749,60.3633,1652916166,5.75,1002,91,41.68,85
Vila Velha,BR,-20.3297,-40.2925,1652915661,4.61,1008,35,69.75,0
Velika Kladuša,BA,45.1894,15.8117,1652916170,1.48,1029,78,46.74,0
Quelimane,MZ,-17.8786,36.8883,1652916171,1.86,1018,91,65.77,1
Alakurtti,RU,66.9672,30.3491,1652916172,9.78,1017,83,31.44,36
Manta,EC,-0.95,-80.7333,1652916174,10.36,1013,83,78.58,75
Sangar,RU,63.9242,127.4739,1652915694,7.94,1007,80,40.62,96
Auki,SB,-8.7676,160.7034,1652916176,1.95,1013,70,84.24,2
Dhidhdhoo,MV,6.8833,73.1,1652916177,18.21,1008,76,83.93,100
Port Angeles,US,48.1181,-123.4307,1652916158,26.46,1018,56,55.76,0
Vitim,RU,59.4511,112.5578,1652916180,9.37,1001,83,58.51,98
Grand Gaube,MU,-20.0064,57.6608,1652916181,3.0,1018,76,72.37,46
Mackay,AU,-21.15,149.2,1652915978,14.09,1018,73,74.68,26
Saint-Paul,RE,-21.0096,55.2707,1652916184,4.07,1020,73,69.33,6
Gudāri,IN,19.35,83.7833,1652916185,1.19,1006,85,78.46,96
Arrondissement du Havre,FR,49.5833,0.3333,1652916186,6.91,1016,64,69.19,100
Coahuayana Viejo,MX,18.7333,-103.6833,1652916188,7.67,1011,32,88.18,54
Tezu,IN,27.9167,96.1667,1652916189,2.77,1010,95,69.22,100
São João da Barra,BR,-21.6403,-41.0511,1652915439,16.28,1011,41,65.84,0
Lam Luk Ka,TH,13.9323,100.7494,1652916194,3.44,1009,97,79.11,40
Constantine,DZ,36.365,6.6147,1652916027,3.44,1022,77,63.81,0
Purwā,IN,26.4667,80.7833,1652916197,7.14,1001,18,84.22,2
Nantucket,US,41.2835,-70.0995,1652915682,13.8,1013,62,57.49,0
Bansang,GM,13.4333,-14.65,1652916199,10.11,1010,34,87.82,12
Morondava,MG,-20.2833,44.2833,1652916198,7.27,1017,64,73.24,0
Kiryat Gat,IL,31.61,34.7642,1652916122,1.36,1014,77,64.42,2
Bada,RU,51.392,109.8717,1652916203,3.22,1014,45,58.84,46
Adrar,MR,20.5022,-10.0711,1652915778,9.06,1010,12,83.95,5
Aras,ES,42.5617,-2.356,1652916205,3.44,1017,60,68.07,0
Monrovia,LR,6.3005,-10.7969,1652916207,4.59,1013,85,78.87,74
Ovruch,UA,51.3246,28.8035,1652916208,7.4,1025,89,42.12,26
Nyurba,RU,63.2842,118.3319,1652916210,9.57,997,62,48.29,100
Krasnovka,RU,48.8177,40.0923,1652916211,8.7,1011,96,49.59,100
Sainte-Thècle,CA,46.8168,-72.4991,1652916212,4.7,1010,60,62.65,48
Jumla,NP,29.2747,82.1838,1652915651,5.88,1017,74,50.29,7
Racine,US,42.7495,-88.0751,1652916068,1.99,1006,80,55.17,100
Griffith,US,41.5284,-87.4237,1652916216,6.91,1007,89,60.84,100
Rokiškis,LT,55.9667,25.5833,1652916217,6.6,1024,82,39.0,56
Mount Isa,AU,-20.7333,139.5,1652916071,10.36,1019,53,74.97,37
Ponta Delgada,PT,37.7333,-25.6667,1652916220,21.85,1010,100,61.52,75
Charters Towers,AU,-20.1,146.2667,1652916221,11.41,1019,67,68.79,100
Lethem,GY,3.3803,-59.7968,1652916223,0.74,1014,92,73.99,100
Kousséri,CM,12.0769,15.0306,1652916225,3.44,1010,83,80.56,0
Basco,PH,20.4487,121.9702,1652916044,22.39,1013,81,80.11,100
Mamburao,PH,13.25,120.6667,1652916228,3.02,1012,76,80.69,96
Perth,AU,-31.9333,115.8333,1652915964,6.91,1016,100,51.85,20
Nador,MA,35.174,-2.9287,1652916231,3.44,1017,88,68.25,20
Barra de Tecoanapa,MX,16.5167,-98.75,1652916233,11.72,1010,56,86.59,9
Hualmay,PE,-11.0964,-77.6139,1652916235,7.9,1016,83,65.44,74
Serebryanyy Bor,RU,56.8,124.8,1652916237,2.68,1009,83,38.59,70
Richards Bay,ZA,-28.783,32.0377,1652916238,13.13,1016,78,68.61,21
Shelburne,CA,44.0787,-80.2041,1652916239,6.51,1011,65,54.3,100
Revda,RU,56.801,59.9303,1652915761,5.44,1000,96,41.27,100
Dingle,PH,10.9995,122.6711,1652916126,4.43,1013,84,80.44,93
Pitsunda,GE,43.1592,40.3378,1652916244,8.93,1014,64,57.38,64
Palauig,PH,15.435,119.9045,1652916246,4.97,1011,75,81.9,99
Henties Bay,NA,-22.116,14.2845,1652916177,3.31,1014,85,62.31,11
Touros,BR,-5.1989,-35.4608,1652915971,8.86,1012,86,79.14,9
Sungai Penuh,ID,-2.0833,101.3833,1652916249,1.74,1015,96,63.03,33
Cherskiy,RU,68.75,161.3,1652915885,5.08,1011,86,42.06,100
Yelanskiy,RU,56.8419,62.5014,1652916252,3.22,999,91,46.6,100
Srednekolymsk,RU,67.45,153.6833,1652915693,7.29,1010,64,45.05,44
Lodja,CD,-3.4833,23.4333,1652916254,0.87,1011,87,69.55,99
El Alto,PE,-4.2714,-81.2147,1652916256,12.8,1013,75,69.46,78
Pāsighāt,IN,28.0667,95.3333,1652916257,1.74,1010,97,70.99,95
Noyabrsk,RU,63.1994,75.4507,1652916259,11.07,1002,90,51.13,100
Lydenburg,ZA,-25.0978,30.4597,1652916260,0.2,1021,74,53.4,88
Grindavik,IS,63.8424,-22.4338,1652916222,6.91,994,93,46.87,75
Illapel,CL,-31.6308,-71.1653,1652916263,5.75,1017,68,59.02,81
Panguna,PG,-6.3164,155.4848,1652916264,0.67,1014,59,80.1,15
Yalta,UA,44.5,34.1667,1652916265,7.81,1018,75,50.11,100
Byndoor,IN,13.8667,74.6333,1652916267,13.0,1006,94,78.48,100
Fortuna,US,40.5982,-124.1573,1652915637,16.11,1024,59,65.88,0
Mokhsogollokh,RU,61.4681,128.9203,1652916269,1.99,1006,68,46.69,90
Spartanburg,US,34.9496,-81.9321,1652916251,1.99,1013,38,82.96,0
Uvinza,TZ,-5.1036,30.3911,1652916272,1.86,1013,83,66.56,96
Kysyl-Syr,RU,63.8986,122.7617,1652916273,10.0,1003,62,45.09,15
Gdańsk,PL,54.3521,18.6464,1652916274,3.44,1025,57,48.67,0
Swan Hill,AU,-35.3378,143.5544,1652916203,7.0,1030,70,50.5,1
Sibolga,ID,1.7427,98.7792,1652916278,3.83,1012,83,75.79,83
Angoche,MZ,-16.2325,39.9086,1652916279,4.27,1017,77,73.67,27
Aasiaat,GL,68.7098,-52.8699,1652916281,4.97,1013,83,28.31,4
Dessie,ET,11.1333,39.6333,1652916282,2.19,1017,34,54.61,93
Taywarah,AF,33.35,64.4167,1652916283,2.57,1011,32,53.64,2
Labuhan,ID,-6.8844,112.2051,1652916285,5.06,1012,88,77.58,100
Lerwick,GB,60.1545,-1.1494,1652916286,16.82,1012,89,50.0,86
Berezovyy,RU,51.6667,135.7,1652916288,1.95,1005,87,44.17,100
Nouadhibou,MR,20.931,-17.0347,1652916289,19.57,1013,83,67.98,98
Churapcha,RU,62.0025,132.4325,1652916291,5.08,1007,73,44.11,99
Znamenskoye,RU,57.1281,73.8282,1652916292,5.48,1003,85,50.58,78
Melilla,ES,35.2937,-2.9383,1652916293,3.44,1017,88,68.38,20
Tilichiki,RU,60.4667,166.1,1652916295,5.03,1019,85,34.95,100
Port Hedland,AU,-20.3167,118.5667,1652916296,6.91,1016,100,69.85,8
Tabou,CI,4.423,-7.3528,1652916298,7.27,1012,87,78.35,51
Itarema,BR,-2.9248,-39.9167,1652916028,8.7,1011,88,79.07,100
Sioux Lookout,CA,50.1001,-91.917,1652916300,5.75,1002,100,46.47,100
Xiongzhou,CN,25.1167,114.3,1652916302,0.34,1014,82,70.12,95
Jatai,BR,-17.8814,-51.7144,1652916289,4.83,1019,48,49.03,83
Fairbanks,US,64.8378,-147.7164,1652915996,5.75,1017,34,58.93,40
Sambava,MG,-14.2667,50.1667,1652916209,10.76,1017,84,69.8,21
Mossamedes,AO,-15.1961,12.1522,1652916184,9.33,1014,74,69.39,0
Ambulu,ID,-8.345,113.6058,1652916308,1.95,1012,92,76.33,100
Dalvik,IS,65.9702,-18.5286,1652916309,4.7,997,98,40.93,100
Ushibukamachi,JP,32.1906,130.0228,1652916310,3.74,1020,63,66.47,100
Payakumbuh,ID,-0.2202,100.6308,1652916312,2.66,1014,86,70.12,91
Gobabis,NA,-22.45,18.9667,1652916313,11.68,1019,43,54.57,5
Acajutla,SV,13.5928,-89.8275,1652916315,7.11,1011,67,85.46,83
Tumaco,CO,1.7986,-78.8156,1652916316,10.78,1011,84,78.42,98
Marsh Harbour,BS,26.5412,-77.0636,1652916060,8.37,1016,72,79.88,20
Mayo,US,38.8876,-76.5119,1652916319,5.99,1012,72,66.79,0
Abu Dhabi,AE,24.4667,54.3667,1652915556,5.75,1003,75,82.18,0
Clarksdale,US,34.2001,-90.5709,1652916321,11.5,1011,45,89.58,0
Volchansk,RU,59.9378,60.081,1652916323,7.63,999,97,42.33,93
Thessalon,CA,46.2501,-83.5666,1652916325,7.85,1009,73,52.09,100
Berlevåg,NO,70.8578,29.0864,1652916328,19.57,1018,86,33.75,75
Manokwari,ID,-0.8667,134.0833,1652916259,1.74,1013,73,81.43,88
Ugoofaaru,MV,5.6667,73.0,1652916331,18.12,1008,78,82.89,96
Bandarbeyla,SO,9.4942,50.8122,1652916333,21.0,1008,72,81.97,39
Nurota,UZ,40.5614,65.6886,1652916334,11.54,1014,40,67.01,2
Korla,CN,41.7597,86.1469,1652916335,7.07,1009,27,70.03,2
Oruzgan,AF,32.8333,66.0,1652916337,1.52,1006,16,68.11,2
Guarapari,BR,-20.6667,-40.4975,1652916338,9.91,1010,52,66.24,14
Zhuhai,CN,22.2769,113.5678,1652916328,3.44,1013,78,75.27,40
Varkala,IN,8.7341,76.7067,1652916341,7.11,1007,86,78.58,100
Bar Harbor,US,44.3876,-68.2039,1652916342,8.05,1009,35,61.27,0
Yamada,JP,39.4667,141.95,1652916343,6.51,1017,44,65.75,1
Evensk,RU,61.95,159.2333,1652916345,1.52,1016,96,36.57,100
Brigantine,US,39.4101,-74.3646,1652916275,9.22,1013,56,64.8,0
Guánica,PR,17.9716,-66.908,1652916347,1.01,1015,81,81.36,65
Van,TR,38.4924,43.3831,1652916348,4.61,1022,71,47.55,20
Severo-Kuril'sk,RU,50.6789,156.125,1652915771,4.09,1017,84,46.17,84
Aklavik,CA,68.2191,-135.0107,1652916106,10.36,1023,74,32.0,100
Ol'ga,RU,43.7444,135.2892,1652916352,3.65,1014,69,59.29,96
Tocopilla,CL,-22.092,-70.1979,1652916353,0.65,1018,74,61.59,100
Saint-Joseph,RE,-21.3667,55.6167,1652915995,11.03,1021,72,66.58,42
Nemuro,JP,43.3236,145.575,1652916356,16.58,1017,92,46.9,99
Yankton,US,42.8711,-97.3973,1652916357,10.36,1008,34,80.85,0
Secunda,ZA,-26.55,29.1667,1652916359,4.09,1026,96,48.31,21
Hamilton,US,39.1834,-84.5333,1652915935,3.44,1007,93,64.0,100
San Bartolo,MX,19.1833,-100.05,1652916362,9.06,1012,25,75.45,37
Alyangula,AU,-13.8483,136.4192,1652916239,5.73,1015,74,78.64,2
Oleksandrivka,UA,46.8383,32.7612,1652916364,13.47,1018,89,46.22,35
Havøysund,NO,70.9963,24.6622,1652916203,8.59,1021,79,35.83,100
Denpasar,ID,-8.65,115.2167,1652916367,5.75,1012,94,77.72,20
Havre-St-Pierre,CA,50.2334,-63.5986,1652916368,11.5,998,87,44.96,100
Satun,TH,6.8333,100.0,1652916370,1.61,1011,95,75.2,98
Padang,ID,-0.9492,100.3543,1652916371,4.56,1013,73,69.85,66
Arti,RU,56.4234,58.5328,1652916373,6.4,1001,96,40.57,73
Lockhart,US,28.6194,-81.4426,1652916122,1.01,1017,65,84.27,54
Chapleau,CA,47.8405,-83.4034,1652916357,4.61,1006,38,57.29,100
Glendive,US,47.1053,-104.7125,1652916376,10.36,1006,33,64.8,0
Kirakira,SB,-10.4544,161.9205,1652916310,3.4,1013,68,85.1,1
Pochutla,MX,15.7432,-96.4661,1652916379,8.66,1010,46,86.83,71
Abu Samrah,SY,35.3029,37.1841,1652916097,4.85,1013,49,65.5,0
Casma,CL,-41.0082,-73.1244,1652916382,0.87,1013,74,42.22,100
Mezen',RU,65.8522,44.24,1652916384,1.61,1007,99,31.51,100
Mardin,TR,37.3131,40.7436,1652916385,3.53,1012,44,62.17,0
Indramayu,ID,-6.3264,108.32,1652916387,6.24,1011,81,78.69,56
Marília,BR,-22.2139,-49.9458,1652916222,7.11,1019,76,46.99,76
Morón,AR,-34.6534,-58.6198,1652916389,3.42,1024,69,51.12,0
Altamont,US,42.2068,-121.7372,1652916390,21.85,944,48,67.68,20
Mbaïki,CF,3.8678,17.9892,1652916392,1.43,1012,95,68.9,100
Anchorage,US,61.2181,-149.9003,1652916147,13.8,1015,34,60.42,0
Brae,GB,60.3964,-1.353,1652916394,16.06,1012,87,49.75,77
Suifenhe,CN,44.4,131.1667,1652916396,3.65,1013,63,58.24,25
Oktyabr'skoye,RU,43.0645,44.7417,1652916398,4.47,1011,93,44.74,6
Sittwe,MM,20.15,92.9,1652916399,2.21,1006,80,82.8,26
Lüderitz,NA,-26.6481,15.1594,1652916401,6.91,1015,75,62.29,80
Mayumba,GA,-3.432,10.6554,1652916402,7.9,1012,85,77.83,82
Taguatinga,BR,-12.3857,-46.5711,1652916404,5.79,1012,48,75.61,75
Fasa,IR,28.9383,53.6482,1652916406,0.0,1015,17,72.64,0
Itoman,JP,26.1247,127.6694,1652916409,11.5,1017,78,75.22,75
Lata,PT,40.1629,-8.3327,1652916155,2.59,1020,89,52.05,8
Rio Grande,BR,-32.035,-52.0986,1652915948,19.73,1017,67,54.95,55
Buchanan,LR,5.8808,-10.0467,1652916412,4.59,1013,88,78.06,82
Nong Kung Si,TH,16.65,103.3,1652916414,5.66,1010,99,78.82,98
Lincoln,US,40.8,-96.667,1652916277,3.44,1008,39,84.31,0
Itainópolis,BR,-7.4469,-41.4783,1652916417,5.84,1010,60,82.45,56
Belmonte,BR,-15.8631,-38.8828,1652916394,11.83,1009,90,78.62,81
Oodweyne,SO,9.4092,45.064,1652916421,9.57,1011,53,75.54,56
Port Hueneme,US,34.1478,-119.1951,1652916423,11.5,1014,68,68.36,0
Punta Umbría,ES,37.1821,-6.9661,1652916424,10.0,1016,62,69.64,43
Mirny,RU,62.5353,113.9611,1652916328,11.01,992,87,53.24,81
Ancud,CL,-41.8697,-73.8203,1652916308,2.51,1013,75,50.09,100
Sørland,NO,67.667,12.6934,1652916134,14.14,1019,81,42.66,11
Spirit River,CA,55.7833,-118.8361,1652916430,7.87,1005,54,48.63,100
Waddān,LY,29.1614,16.139,1652916431,7.29,1017,26,72.59,0
Vila,PT,42.0304,-8.1588,1652916433,0.81,1020,82,49.69,52
Batticaloa,LK,7.7102,81.6924,1652916434,8.19,1007,77,79.36,9
Garoowe,SO,8.4054,48.4845,1652916366,21.74,1010,65,78.49,61
Lebyazh'ye,RU,55.2689,66.4947,1652916437,12.19,1001,83,48.25,85
Chevereşu Mare,RO,45.6669,21.4908,1652916438,4.61,1027,75,42.89,0
Batemans Bay,AU,-35.7167,150.1833,1652916440,3.78,1026,57,54.1,0
San Jerónimo,PE,-11.9472,-75.2829,1652916441,5.61,1019,90,50.97,75
Sistranda,NO,63.7256,8.834,1652916442,4.9,1019,94,49.96,23
Qaqortoq,GL,60.7167,-46.0333,1652916283,5.68,1010,86,35.8,63
Yulara,AU,-25.2406,130.9889,1652915907,8.57,1023,68,57.54,97
Atambua,ID,-9.1061,124.8925,1652916447,4.12,1014,83,74.55,43
Belomorsk,RU,64.5232,34.7668,1652916448,7.87,1013,85,32.86,33
Tairua,NZ,-37.0167,175.85,1652916450,13.76,1014,95,64.54,94
Kuusamo,FI,65.9667,29.1833,1652916451,9.22,1015,55,35.64,100
Ust'-Ilimsk,RU,58.0006,102.6619,1652915989,6.53,1009,79,57.56,38
Eydhafushi,MV,5.1033,73.0708,1652916077,18.97,1009,79,82.65,100
Elban,RU,50.1018,136.5094,1652916455,9.57,1007,78,47.5,100
Tiksi,RU,71.6872,128.8694,1652916457,6.2,1011,92,24.66,98
Goundam,ML,16.4145,-3.6708,1652916458,7.85,1007,9,90.61,4
Honda,CO,5.2086,-74.7358,1652916460,4.7,1011,79,78.26,100
Iracoubo,GF,5.4802,-53.2011,1652916462,8.55,1013,84,78.44,93
Talavera de la Reina,ES,39.9635,-4.8308,1652916382,3.74,1016,54,67.06,80
General Roca,AR,-39.0333,-67.5833,1652916090,9.62,1018,27,45.63,99
Arzachena,IT,41.0769,9.3887,1652916466,2.26,1021,64,58.44,43
São João Evangelista,BR,-18.5478,-42.7633,1652916467,5.95,1014,35,54.54,93
